PopDen,PerAA,SexR,PerR,per_30to74
1910.1660648145942,0.3418553688823959,0.6838868388683887,0.4662212323682257,0.6245434623813003
2846.034613546416,0.5560117302052786,0.9597701149425288,0.3726303317535545,0.5847507331378299
4700.6010893643015,0.37655172413793103,1.027972027972028,0.7593103448275862,0.5279310344827586
1735.6908321919157,0.19197530864197526,0.995073891625616,0.5246132208157525,0.5901234567901235
1849.3959510650448,0.3606060606060606,0.91027496382055,0.8531746031746031,0.5174242424242423
5260.927803806222,0.40311587147030187,1.3995327102803736,0.5995085995085995,0.6027263875365142
3773.415601505914,0.038065843621399184,1.2293577981651376,0.3878406708595388,0.6141975308641976
3187.622416788699,0.5056179775280899,0.8936170212765958,0.8192090395480226,0.5599250936329588
7554.540462271184,0.4322916666666667,0.949238578680203,0.6145833333333334,0.6263020833333335
7730.752788280859,0.11381074168797956,1.0687830687830688,0.6735751295336787,0.4654731457800511
4192.564059030298,0.07606490872210954,0.783001808318264,0.15010141987829614,0.7038539553752536
5358.175302873456,0.10118406889128097,0.7628083491461101,0.4703982777179763,0.5855758880516685
5831.480859745793,0.09163879598662207,0.7363530778164924,0.6657700067249496,0.5070234113712373
1709.0135812830426,0.04599056603773585,0.8678414096916299,0.2346698113207547,0.6615566037735848
4062.504905013025,0.007867132867132868,0.9792387543252596,0.19910714285714284,0.5804195804195803
1814.7987625492167,0.04717948717948718,1.2159090909090908,0.2697435897435897,0.6297435897435897
3785.008500725817,0.04300047778308648,0.9952335557673976,0.6693741041567128,0.3827042522694696
2900.952076743534,0.23493975903614456,1.2896551724137932,0.9655172413793104,0.08534136546184737
2938.327243960246,0.27599243856332706,1.3303964757709252,0.5519848771266541,0.6181474480151229
6428.513726362254,0.5899705014749262,1.348729792147806,0.7404129793510325,0.4277286135693215
8884.592558970366,0.6554054054054054,1.0375469336670842,0.8022113022113022,0.4582309582309583
4182.798359455809,0.3115264797507788,1.2104055087987757,0.6284259984338293,0.5919003115264797
3478.115445427729,0.22140699179974105,1.0165361183637946,0.6283987915407855,0.5912818299525248
372.037173108798,0.07007575757575757,0.7777777777777778,0.0625,0.7575757575757577
2702.2470401542964,0.21237113402061852,1.266355140186916,0.5909580193756727,0.5494845360824743
2520.231467423179,0.2484894259818731,1.0,0.3700906344410877,0.5921450151057402
3370.4390019099237,0.4135079255685734,1.0013793103448276,0.3762922122674018,0.6560992419021365
5437.745069283464,0.5022956841138659,1.3881578947368418,0.8191000918273645,0.5730027548209365
5212.1424769192545,0.7009803921568627,0.9883040935672516,0.8872549019607843,0.4647058823529411
4526.81147479114,0.415158371040724,0.9134199134199136,0.7058823529411765,0.6481900452488687
5988.208603085283,0.6488603988603988,0.9050203527815468,0.7991452991452992,0.5334757834757835
3337.9661126062097,0.8625247851949769,0.6445652173913045,0.6580172987358616,0.5333773959021811
3976.763304251397,0.2760396039603961,0.7294520547945206,0.8071287128712872,0.4443564356435644
3155.2316020818184,0.7629899726526892,0.6496240601503759,0.5115848007414272,0.5077484047402006
5824.8394109661085,0.6101468624833111,1.2560240963855422,0.8854447439353099,0.684913217623498
9638.035278366786,0.2734018264840183,0.9252747252747252,0.6015981735159818,0.4897260273972602
7745.463795553548,0.5855387523629489,0.9849906191369606,0.7868120971740208,0.5122873345935728
4924.501319094829,0.6363636363636364,1.3168141592920355,0.8797678275290216,0.5645530939648586
4905.612523694171,0.8323699421965318,0.8602150537634409,0.7438316400580551,0.4602601156069364
7279.005201760823,0.8341788205453392,0.5355404089581305,0.7384356602186711,0.1987951807228916
3383.909459623292,0.9817073170731708,0.5138461538461538,0.6483739837398373,0.6178861788617885
4949.732278715767,0.7288956127080182,0.9148319814600232,0.8477064220183487,0.4384266263237518
3494.640508721368,0.8327310273618999,0.7738095238095238,0.8964803312629399,0.32627774909654106
8350.826066429021,0.35721775602936034,1.0944363103953147,0.9850187265917604,0.41279272981475
5888.051588929535,0.2688900468994268,0.6005004170141784,1.0,0.4043772798332465
249.33246310137423,0.2405913978494624,0.9893048128342246,0.05869405722670579,0.5685483870967742
1290.527162772359,0.3723179208220006,0.9637982195845696,0.038682381384103966,0.5478996675732849
681.4728133421847,0.1875,0.5358444714459295,0.22943037974683544,0.7041139240506329
776.0923269017347,0.0738255033557047,0.9225806451612903,0.18624161073825504,0.5083892617449666
1431.4763598309335,0.2704081632653061,0.7747594793435201,0.11256377551020408,0.5408163265306122
675.4105554925243,0.1912,1.1853146853146852,0.09397590361445783,0.6072
969.1553332464348,0.06545064377682404,0.7518796992481204,0.1206896551724138,0.6502145922746781
1006.9242910356952,0.1197411003236246,0.846613545816733,0.04602660913340525,0.668824163969795
420.0990113569642,0.2842991579990094,0.7168367346938775,0.06092124814264487,0.5522535908865776
1737.4553849170968,0.3487518355359765,0.5150166852057841,0.4520446096654275,0.5249632892804699
1911.3698040911124,0.3479328694228408,0.8354620586025544,0.3964667214461791,0.3995088006549325
1708.1223778183282,0.2541277817659727,0.5546875,0.7316896301667876,0.5936826992103375
2024.581191521623,0.2347692307692308,1.1768251841929005,0.5384615384615384,0.4796923076923078
2552.616798707936,0.29107981220657275,0.6989032901296113,0.5680612846199175,0.5874413145539905
1454.81165991971,0.0671414038657172,0.6661016949152542,0.0430327868852459,0.5829094608341812
1129.3642401828965,0.06408185245018848,0.8795546558704453,0.4183783783783784,0.6462035541195477
924.247692348803,0.004707112970711297,0.7902621722846441,0.08832807570977919,0.6825313807531379
1048.4226582013357,0.07926102502979737,0.7552301255230125,0.42675967025998734,0.5023837902264601
2261.49248341139,0.6887557278815649,0.7610180012414649,0.2985179957657022,0.5051110327811068
2621.6754047728477,0.9990272373540856,1.0601202404809618,0.4926686217008798,0.3891050583657588
2904.824551331052,0.9205882352941176,0.9391634980988592,0.4598039215686274,0.469607843137255
1987.015501372709,0.5981959819598196,0.6739876458476322,0.8642209572000843,0.47621976219762197
2673.2005042747187,0.43996062992125984,0.8653610771113831,0.4353250164149705,0.4698162729658793
4091.23347924644,0.5206794682422452,0.9454022988505748,0.6557377049180327,0.5827178729689807
1446.1867090086032,0.23359375,0.9364599092284418,0.68359375,0.7085937500000001
5606.185505078282,0.6405405405405405,0.6415261756876663,0.9378378378378378,0.3891891891891892
5197.810239383343,0.4559006211180125,0.8634259259259259,0.8254658385093168,0.5124223602484472
978.1430044298932,0.5575931232091691,1.117718446601942,0.0995397008055236,0.6412607449856733
1915.8442610842346,0.276536312849162,1.4026845637583891,0.2936170212765957,0.7472067039106146
909.2241478024997,0.6450371185042617,0.9532760472610098,0.1415977961432507,0.4676931536981028
490.2992617868883,0.3043160204828091,1.2974789915966387,0.26115581565471835,0.6210680321872715
1728.2299188921,0.6443361753958587,0.8787185354691075,0.3525773195876289,0.5542021924482339
5523.5144477524145,0.6304441569642087,0.6828737300435413,0.7093574816731351,0.4786545924967659
2135.195164518896,0.6818181818181818,0.705,0.4589920948616601,0.5303030303030303
1756.6715502736338,0.16336996336996334,0.9389204545454544,0.6021978021978022,0.4717948717948718
185.4196512620896,0.0,1.0365384615384616,0.25684608120868746,0.6416430594900849
1147.260577311566,0.7235494880546075,0.9033698741372309,0.194777397260274,0.5644197952218432
2765.628040323603,0.4489677231753417,0.8341333333333333,0.3908184838417397,0.5676068624600175
2697.0103166581025,0.5735022433359726,0.8528117359413203,0.2035069075451647,0.5954077593032463
2404.4158870071437,0.5915141430948421,0.8810641627543035,0.15515806988352746,0.6127287853577371
2043.2701587631452,0.4642262895174709,0.7458242556281771,0.024958402662229616,0.6127287853577371
1080.4130803565547,0.3971238938053097,1.064600326264274,0.11757269279393172,0.5760113780025283
1099.4070045784272,0.5642563940637828,0.9101326899879372,0.6989213197969543,0.5209977897063466
1494.8254132343634,0.3770314192849405,0.8325612177365983,0.31596091205211724,0.4972914409534128
107.18274237820792,0.08281573498964802,0.7188612099644128,0.10973084886128363,0.7236024844720498
2949.3103211302882,0.2357926221335992,1.003996003996004,0.15254237288135594,0.7557328015952144
1858.5349288233072,0.3869346733668342,1.2131603336422614,0.2796901893287436,0.5607202680067002
2181.571176366017,0.39331619537275053,0.8746987951807229,0.08258064516129032,0.7506426735218509
1907.6062552955468,0.044404168554599006,1.0416281221091583,0.044404168554599006,0.6497507929315812
1146.4863331761387,0.8038821954484605,0.7892215568862276,0.4086021505376344,0.5113788487282463
1865.795486990936,0.6196721311475409,0.9365079365079364,0.4185855263157895,0.6024590163934427
2066.290222614963,0.7817589576547231,1.0043525571273122,0.3897659227000545,0.5955483170466884
2092.897282171064,0.4346504559270517,1.0277349768875192,0.2188449848024316,0.6808510638297873
1757.5045068599366,0.26426426426426425,1.0812499999999998,0.3893893893893894,0.7047047047047048
2404.3785908455397,0.1449343339587242,0.8253424657534246,0.22185741088180114,0.600375234521576
6110.789236429288,0.28011849901250824,0.9227848101265824,0.7597079322933953,0.5049374588545095
4284.8792893813215,0.2192046556741028,0.5984496124031008,0.8923375363724539,0.4175557710960232
1455.7687100971154,0.1627565982404692,0.7397959183673469,0.9004815409309791,0.2404692082111437
6382.794221046156,0.3876015648510382,1.231699126930826,0.990370147457117,0.5479987962684322
4293.328367460052,0.24675324675324675,1.0565593087195602,0.8896103896103896,0.4682964094728801
558.647539373449,0.014492753623188406,1.0518266779949024,0.08281573498964802,0.5838509316770186
1406.3478226305883,0.09353078721745907,1.1419031719532555,0.1441932969602494,0.6375681995323461
1669.0308823681303,0.09900210084033613,0.7516099356025759,0.5328409390662094,0.5493697478991596
3816.7737474885853,0.0297308155885898,0.9399844115354636,0.31860184813177983,0.5142627561269586
2157.215971635473,0.36983416688602266,0.8853598014888338,0.6590007930214116,0.4851276651750461
941.3175327111467,0.07860945818979016,0.8456647398843932,0.14666248824819805,0.631381146257438
706.0846042290117,0.1933085501858736,0.915954415954416,0.6007434944237918,0.5650557620817844
408.65913905133783,0.029164329781267526,1.0192525481313703,0.5215928210880538,0.4705552439708357
1246.9909483463312,0.15020455873758035,0.8577633007600435,0.1011104617182934,0.625365283459965
811.8138546065115,0.09211691762621788,0.8769742310889443,0.09698848538529672,0.5806023029229407
1651.7611318731415,0.21178695241096754,0.7549778761061946,0.6653009769933816,0.5414434289316103
2984.833100246099,0.3459983831851253,1.2655677655677655,0.2656376929325752,0.5723524656426839
4969.391749831359,0.6077768385460693,0.7009345794392523,0.7844463229078613,0.5604395604395604
4310.4067478142715,0.1641725352112676,0.8263665594855306,0.3328912466843501,0.6016725352112675
3945.0038634076614,0.14589235127478753,1.0316546762589929,0.5297450424929179,0.618271954674221
3356.8399135569903,0.15798319327731092,1.033029612756264,0.3693528693528694,0.5686274509803921
3581.1497203348054,0.2086178478926301,0.9044843049327356,0.19590299034612668,0.6272663056275016
5158.853386097268,0.2018819503849444,1.0401396160558465,0.3592814371257485,0.6663815226689478
3968.37923477777,0.12181303116147307,0.7768456375838927,0.3550519357884797,0.5986779981114259
3227.121813889332,0.4585895117540687,0.8457943925233645,0.12944162436548226,0.64376130198915
3246.811924971294,0.4544174586413235,0.8715415019762845,0.4178106300598381,0.54839845124956
2217.8148689317363,0.3813202247191011,0.9641379310344828,0.19732205778717407,0.5617977528089886
4257.652942757997,0.7123666534966416,0.7539847539847541,0.4667727815360128,0.5266693006716713
2362.169975136111,0.6987046632124352,0.8584496870486278,0.6722425509670674,0.4134715025906737
438.96354617545074,0.3222314737718568,1.0218855218855218,0.1357202331390508,0.6977518734388011
1729.8934350527645,0.5277588555858309,0.6554835071891739,0.6913243565706494,0.42336512261580383
7543.380804885377,0.6040449438202247,1.1878072763028515,0.9847191011235956,0.4431460674157304
621.1356649573328,0.2986291218969989,0.9417266187050359,0.19266394961096706,0.5998517969618379
6602.0084910091,0.5636978579481398,0.7024952015355086,0.9165727170236752,0.5152198421645997
945.8844829559146,0.2789058093626621,1.1132300357568534,0.6331077270163564,0.6714608009024253
120.76812966669368,0.161978221415608,1.0464252553389044,0.039927404718693285,0.6973684210526316
3624.6220586545533,0.3706456107756619,0.9223214285714286,0.7171470444553004,0.4784022294472829
1267.974560697824,0.6514084507042254,1.2903225806451617,1.0,0.471830985915493
